filename,label
n0814.png,1
n0527.png,1
c3460.png,0
n0212.png,1
c2312.png,0
c2437.png,0
c2161.png,0
c2122.png,0
c2953.png,0
c0720.png,0
n0117.png,1
c3836.png,0
n0770.png,1
c1347.png,0
c0091.png,0
n1086.png,1
c0408.png,0
c0868.png,0
n0228.png,1
n0939.png,1
c3592.png,0
c2948.png,0
c0308.png,0
c2783.png,0
c0673.png,0
c0791.png,0
n0010.png,1
c1156.png,0
c1384.png,0
n0788.png,1
c3832.png,0
c2728.png,0
c0740.png,0
c0638.png,0
c1256.png,0
c2142.png,0
c0727.png,0
c3725.png,0
c2852.png,0
n0700.png,1
c2548.png,0
n0188.png,1
c2014.png,0
c1276.png,0
c0290.png,0
c3369.png,0
c3128.png,0
n0270.png,1
n0195.png,1
c0394.png,0
c3763.png,0
c1431.png,0
c1028.png,0
c2363.png,0
n0645.png,1
c2607.png,0
c1218.png,0
c2467.png,0
c3120.png,0
n0421.png,1
c1325.png,0
n0049.png,1
n0498.png,1
c0746.png,0
c2771.png,0
n1115.png,1
c0139.png,0
c3438.png,0
c2125.png,0
n0985.png,1
n0032.png,1
c2616.png,0
n0735.png,1
c2762.png,0
c3598.png,0
c1470.png,0
c2002.png,0
c2442.png,0
c0129.png,0
c2703.png,0
c3767.png,0
c0683.png,0
c0388.png,0
c0123.png,0
n0119.png,1
c0963.png,0
c0098.png,0
c1814.png,0
c2526.png,0
n1081.png,1
c3479.png,0
c3733.png,0
c3241.png,0
c1878.png,0
c0422.png,0
n0674.png,1
c2594.png,0
c3736.png,0
c3243.png,0
c3775.png,0
c3659.png,0
c1101.png,0
c1176.png,0
c1793.png,0
n0144.png,1
c3822.png,0
c2741.png,0
c0440.png,0
n0407.png,1
c2390.png,0
n0364.png,1
c2272.png,0
c0994.png,0
c0126.png,0
c0582.png,0
c1305.png,0
c3661.png,0
c0239.png,0
c1857.png,0
n1046.png,1
n0600.png,1
c3531.png,0
n0488.png,1
n0333.png,1
n0410.png,1
n0925.png,1
n0304.png,1
c3791.png,0
n0603.png,1
c2638.png,0
c2972.png,0
n0648.png,1
c0693.png,0
c2407.png,0
c3041.png,0
c1746.png,0
n0160.png,1
c1076.png,0
n0666.png,1
c0314.png,0
n0103.png,1
c0757.png,0
c2846.png,0
c0103.png,0
c0597.png,0
c1375.png,0
c2502.png,0
n1044.png,1
c1209.png,0
c3645.png,0
c0400.png,0
c1228.png,0
c3859.png,0
n0448.png,1
c2836.png,0
c0134.png,0
n0090.png,1
c2792.png,0
n0209.png,1
c2676.png,0
n0680.png,1
c2317.png,0
c0411.png,0
n0465.png,1
n0536.png,1
n0352.png,1
c2260.png,0
c0179.png,0
c2254.png,0
n0355.png,1
c1593.png,0
n0061.png,1
n0505.png,1
c1509.png,0
c1975.png,0
c0136.png,0
c1469.png,0
c2186.png,0
c3186.png,0
n0251.png,1
c1534.png,0
c3857.png,0
c0258.png,0
c1846.png,0
c2117.png,0
n0241.png,1
c1479.png,0
c0926.png,0
c3569.png,0
n0138.png,1
n0699.png,1
c0677.png,0
n0223.png,1
n0637.png,1
c2603.png,0
n0116.png,1
n0534.png,1
c2098.png,0
c0505.png,0
c1573.png,0
c0848.png,0
n1075.png,1
c1720.png,0
n1072.png,1
n0776.png,1
c3191.png,0
c3781.png,0
c1871.png,0
c1831.png,0
c0890.png,0
c2222.png,0
c0032.png,0
n0897.png,1
c2425.png,0
n0186.png,1
c2591.png,0
c0354.png,0
c3065.png,0
n1091.png,1
c3793.png,0
c1299.png,0
n0197.png,1
c0841.png,0
c0813.png,0
c0487.png,0
n0641.png,1
c0974.png,0
n0401.png,1
n0861.png,1
c0035.png,0
c2648.png,0
c0159.png,0
n0892.png,1
c2824.png,0
c1130.png,0
c1330.png,0
c0824.png,0
c2959.png,0
n1002.png,1
n0331.png,1
c1262.png,0
c1144.png,0
n0954.png,1
n1121.png,1
c1550.png,0
c0941.png,0
c2188.png,0
c0719.png,0
c0401.png,0
c0690.png,0
c0514.png,0
n0230.png,1
n0064.png,1
c0854.png,0
c1982.png,0
n0611.png,1
c1280.png,0
n0806.png,1
c1711.png,0
c1671.png,0
c3133.png,0
c3737.png,0
c3386.png,0
n0104.png,1
c1627.png,0
n0387.png,1
c1673.png,0
n0610.png,1
n0909.png,1
c3348.png,0
c2588.png,0
c1835.png,0
n0453.png,1
n0349.png,1
c3324.png,0
c2060.png,0
c1161.png,0
c3412.png,0
c2131.png,0
c1633.png,0
c0200.png,0
c2054.png,0
c2989.png,0
c1885.png,0
n1131.png,1
n0919.png,1
c2702.png,0
c0055.png,0
c1748.png,0
n0721.png,1
n0848.png,1
n0695.png,1
c1839.png,0
c0659.png,0
n0675.png,1
c0385.png,0
c2782.png,0
c3467.png,0
c0602.png,0
c2276.png,0
c2088.png,0
c0417.png,0
c0634.png,0
c2891.png,0
n0832.png,1
c3183.png,0
n0608.png,1
c3098.png,0
n0722.png,1
c2307.png,0
c1397.png,0
c3111.png,0
c3717.png,0
c1653.png,0
c3342.png,0
c2167.png,0
c2359.png,0
c2992.png,0
c1765.png,0
c0202.png,0
n0846.png,1
c1968.png,0
c2828.png,0
c3255.png,0
c2889.png,0
c2500.png,0
c2915.png,0
c0979.png,0
c3379.png,0
c0830.png,0
c0715.png,0
n0479.png,1
c0637.png,0
n0540.png,1
n0997.png,1
c3792.png,0
c3684.png,0
c2439.png,0
n0250.png,1
n0389.png,1
c3623.png,0
c2515.png,0
n0086.png,1
c0530.png,0
c0962.png,0
c1417.png,0
n0833.png,1
c3615.png,0
n0457.png,1
c3828.png,0
n0857.png,1
c2166.png,0
n0766.png,1
c0855.png,0
c0205.png,0
c3801.png,0
c3755.png,0
c0601.png,0
c0240.png,0
c1219.png,0
c3341.png,0
c2843.png,0
n0712.png,1
c0657.png,0
c2975.png,0
c2586.png,0
c2977.png,0
c3488.png,0
c2443.png,0
n0981.png,1
c1302.png,0
c0799.png,0
c2964.png,0
c2158.png,0
c3132.png,0
c3622.png,0
c2969.png,0
n0850.png,1
c2266.png,0
c0636.png,0
c2057.png,0
n0011.png,1
c2893.png,0
c1111.png,0
n0467.png,1
c3507.png,0
c0983.png,0
c0925.png,0
n1087.png,1
c2866.png,0
n0659.png,1
c0150.png,0
c2371.png,0
n0947.png,1
n0167.png,1
n0701.png,1
c1107.png,0
c0426.png,0
c3719.png,0
c2807.png,0
n0327.png,1
c0798.png,0
c1579.png,0
c1749.png,0
c0341.png,0
n0860.png,1
c1898.png,0
c2145.png,0
c1125.png,0
c3069.png,0
c1804.png,0
c0436.png,0
c3885.png,0
c0950.png,0
c1774.png,0
n0742.png,1
c2278.png,0
c2378.png,0
c2423.png,0
n0417.png,1
c2880.png,0
c3751.png,0
c3657.png,0
c1823.png,0
c2322.png,0
c0046.png,0
c2750.png,0
c2933.png,0
c3537.png,0
c0909.png,0
c0856.png,0
n0763.png,1
n1110.png,1
c2868.png,0
c2879.png,0
c1482.png,0
n0012.png,1
n0127.png,1
n0811.png,1
n0120.png,1
c3465.png,0
c3686.png,0
n0967.png,1
c1697.png,0
c0071.png,0
c0641.png,0
n0324.png,1
n0633.png,1
c1380.png,0
c1612.png,0
c1257.png,0
n0932.png,1
c3192.png,0
c1041.png,0
c2457.png,0
c1614.png,0
n0883.png,1
c1244.png,0
c3722.png,0
n0978.png,1
n0783.png,1
n0067.png,1
n0395.png,1
c3745.png,0
c2269.png,0
c2356.png,0
c3500.png,0
n0634.png,1
n0867.png,1
n0630.png,1
n0221.png,1
n0934.png,1
c0047.png,0
c1409.png,0
c1366.png,0
n0652.png,1
c1660.png,0
n0302.png,1
c0285.png,0
c3131.png,0
c3088.png,0
n0094.png,1
c3658.png,0
c2399.png,0
c0069.png,0
c3561.png,0
c0464.png,0
c3023.png,0
c0935.png,0
c1675.png,0
c0588.png,0
c1847.png,0
n0325.png,1
c3196.png,0
c2910.png,0
c0837.png,0
c0764.png,0
c1545.png,0
c0654.png,0
c0930.png,0
c0711.png,0
c3499.png,0
c1011.png,0
c0894.png,0
c2870.png,0
c0580.png,0
c1602.png,0
n0363.png,1
n0906.png,1
c3570.png,0
c0508.png,0
c2039.png,0
n0135.png,1
c3398.png,0
c3575.png,0
c2685.png,0
n0756.png,1
c1331.png,0
c0816.png,0
c3102.png,0
c0914.png,0
n0057.png,1
c3014.png,0
n0296.png,1
c2469.png,0
n0282.png,1
c1464.png,0
c0520.png,0
c1979.png,0
c1717.png,0
c0536.png,0
c0451.png,0
n0178.png,1
n0549.png,1
n0190.png,1
c2028.png,0
c2688.png,0
c2224.png,0
c2643.png,0
n0590.png,1
n1113.png,1
c1440.png,0
c3136.png,0
c2532.png,0
c3299.png,0
c2077.png,0
n0231.png,1
c3862.png,0
c1185.png,0
c3839.png,0
n0226.png,1
c2430.png,0
c1281.png,0
c2900.png,0
c0593.png,0
n0039.png,1
n0964.png,1
n0779.png,1
c2400.png,0
n0829.png,1
c0931.png,0
n0987.png,1
n0276.png,1
n0509.png,1
c2361.png,0
n0921.png,1
c0100.png,0
c2134.png,0
n0595.png,1
c3118.png,0
c0805.png,0
n0148.png,1
c1943.png,0
n0447.png,1
c1263.png,0
n1001.png,1
c1744.png,0
c0492.png,0
n0161.png,1
c0760.png,0
n1034.png,1
c3026.png,0
n0242.png,1
c3750.png,0
c0274.png,0
c1010.png,0
c3217.png,0
c2444.png,0
c0591.png,0
c1016.png,0
c3446.png,0
n0639.png,1
c3258.png,0
c1638.png,0
n0612.png,1
n0174.png,1
c2484.png,0
c2713.png,0
c1595.png,0
c2817.png,0
n0384.png,1
c2791.png,0
n0077.png,1
c0558.png,0
n1018.png,1
c0312.png,0
c2981.png,0
c3699.png,0
n0878.png,1
n1106.png,1
c2851.png,0
c1990.png,0
c2069.png,0
c2066.png,0
n0023.png,1
n0185.png,1
c2382.png,0
n0007.png,1
c0085.png,0
n0802.png,1
c0050.png,0
n0259.png,1
c1145.png,0
n1127.png,1
n1085.png,1
n0799.png,1
n1097.png,1
c0224.png,0
c1676.png,0
n0332.png,1
c1695.png,0
c3640.png,0
n0865.png,1
n1083.png,1
c0562.png,0
n0214.png,1
n1007.png,1
c0438.png,0
n0290.png,1
c3103.png,0
c1396.png,0
n0646.png,1
c3579.png,0
n0793.png,1
c0822.png,0
n0187.png,1
c0529.png,0
c0194.png,0
n0702.png,1
n0851.png,1
c1445.png,0
c1743.png,0
c1719.png,0
c1718.png,0
c3656.png,0
n0937.png,1
c2601.png,0
n0437.png,1
c3016.png,0
c0128.png,0
c1945.png,0
n1057.png,1
c1033.png,0
c1402.png,0
c0541.png,0
c1648.png,0
c3509.png,0
n0834.png,1
c0460.png,0
c0554.png,0
c3212.png,0
n0202.png,1
c3031.png,0
c0110.png,0
c2365.png,0
n0268.png,1
c3708.png,0
c1082.png,0
n0657.png,1
c3035.png,0
c3294.png,0
c3161.png,0
n0762.png,1
n0690.png,1
n0339.png,1
c1266.png,0
c0775.png,0
c2354.png,0
c1018.png,0
c0997.png,0
c3543.png,0
c2433.png,0
n0308.png,1
c0395.png,0
n0696.png,1
c0161.png,0
n0753.png,1
c1189.png,0
n0055.png,1
n1023.png,1
c1335.png,0
c2024.png,0
n0464.png,1
c3249.png,0
c2001.png,0
c3042.png,0
c1922.png,0
c3603.png,0
c1897.png,0
c2124.png,0
n0319.png,1
c2107.png,0
n0220.png,1
c0269.png,0
c3483.png,0
n0613.png,1
c3714.png,0
c3729.png,0
c3375.png,0
c0684.png,0
n0598.png,1
c0118.png,0
n0744.png,1
n0191.png,1
c2545.png,0
c0575.png,0
n0255.png,1
n0943.png,1
c2503.png,0
c2613.png,0
c3618.png,0
c3039.png,0
c1198.png,0
c2103.png,0
c3893.png,0
c2120.png,0
c0060.png,0
c1558.png,0
c1907.png,0
c0291.png,0
c2295.png,0
c3475.png,0
n1073.png,1
c0606.png,0
c2966.png,0
c3874.png,0
c0629.png,0
n0483.png,1
c1560.png,0
c3440.png,0
c3155.png,0
c3154.png,0
c3147.png,0
n0073.png,1
n1051.png,1
c2788.png,0
c0552.png,0
c0801.png,0
c2319.png,0
n0922.png,1
c2118.png,0
c0509.png,0
c3506.png,0
c0245.png,0
c2108.png,0
c1070.png,0
c1117.png,0
c0531.png,0
c0568.png,0
n1071.png,1
n0099.png,1
c1980.png,0
c0516.png,0
c2380.png,0
n0797.png,1
c2564.png,0
c0765.png,0
c0952.png,0
c2065.png,0
n0859.png,1
c1916.png,0
n1019.png,1
c1372.png,0
c2754.png,0
c1098.png,0
c0313.png,0
c1892.png,0
c3444.png,0
c3239.png,0
n0054.png,1
c0220.png,0
c3734.png,0
c0430.png,0
n0473.png,1
c1781.png,0
c2936.png,0
n0761.png,1
c0002.png,0
c1308.png,0
c1531.png,0
n0194.png,1
c2952.png,0
c1312.png,0
c0738.png,0
n0249.png,1
n0898.png,1
c1451.png,0
c1388.png,0
n0016.png,1
c1258.png,0
c1684.png,0
c1862.png,0
n0996.png,1
c3886.png,0
c1628.png,0
c2415.png,0
c1729.png,0
c1046.png,0
c0277.png,0
c2884.png,0
c3372.png,0
c0415.png,0
c1591.png,0
n0887.png,1
c1724.png,0
n0316.png,1
c0221.png,0
n0193.png,1
n0877.png,1
n0966.png,1
c2755.png,0
c2450.png,0
c0412.png,0
n0150.png,1
n0970.png,1
n0164.png,1
c3297.png,0
c1987.png,0
c3202.png,0
c0155.png,0
c1880.png,0
n0992.png,1
c0622.png,0
c0633.png,0
c0281.png,0
c0933.png,0
c1705.png,0
c1381.png,0
n1065.png,1
c1063.png,0
c3157.png,0
c2249.png,0
c1557.png,0
c1773.png,0
c3056.png,0
c2285.png,0
c1655.png,0
c1845.png,0
n0390.png,1
n0629.png,1
n0896.png,1
c2780.png,0
c0583.png,0
c1632.png,0
c3312.png,0
c1507.png,0
c2164.png,0
n0938.png,1
c2232.png,0
c3109.png,0
c0207.png,0
c1827.png,0
n0647.png,1
n0458.png,1
c2819.png,0
n0953.png,1
n0635.png,1
c2046.png,0
c1768.png,0
c0662.png,0
c2798.png,0
n0665.png,1
c2864.png,0
c2017.png,0
c1837.png,0
n0361.png,1
c0722.png,0
c1438.png,0
c3230.png,0
n0232.png,1
c0902.png,0
c2182.png,0
n0566.png,1
c2764.png,0
c2663.png,0
c3706.png,0
c2557.png,0
n0951.png,1
c3794.png,0
n0593.png,1
c3584.png,0
c3363.png,0
c2999.png,0
n0200.png,1
c1904.png,0
n0705.png,1
c0241.png,0
c0779.png,0
n0826.png,1
c0774.png,0
c1917.png,0
n0745.png,1
c1223.png,0
n0329.png,1
c2579.png,0
c3685.png,0
c0535.png,0
c3709.png,0
c2000.png,0
c2700.png,0
c1191.png,0
c2310.png,0
c2710.png,0
n0842.png,1
c1179.png,0
c0051.png,0
c1921.png,0
c0416.png,0
c0093.png,0
n0348.png,1
c0260.png,0
n0708.png,1
c1206.png,0
c3860.png,0
c1875.png,0
c2323.png,0
c1938.png,0
n0579.png,1
n0899.png,1
n0923.png,1
n0343.png,1
c2907.png,0
c2392.png,0
c1032.png,0
c0908.png,0
n0673.png,1
c2460.png,0
c1013.png,0
c2623.png,0
c2374.png,0
c0206.png,0
c0961.png,0
n0487.png,1
n0751.png,1
n0288.png,1
c1333.png,0
n0882.png,1
c0877.png,0
c3134.png,0
c1615.png,0
n0591.png,1
c1193.png,0
c2683.png,0
c2205.png,0
c3113.png,0
c2128.png,0
n0775.png,1
n1020.png,1
n0737.png,1
n0385.png,1
c3583.png,0
c2512.png,0
c0234.png,0
c2211.png,0
c3594.png,0
c0787.png,0
n0720.png,1
c0340.png,0
c0513.png,0
n1008.png,1
c3231.png,0
n0723.png,1
c2337.png,0
c0703.png,0
n0609.png,1
n0430.png,1
n0831.png,1
n0275.png,1
c2600.png,0
c2813.png,0
c2615.png,0
c2693.png,0
c1848.png,0
c2081.png,0
c0197.png,0
n0295.png,1
c0301.png,0
c2875.png,0
c0674.png,0
c3843.png,0
c3768.png,0
c2877.png,0
c3854.png,0
c2929.png,0
c1403.png,0
c0361.png,0
n0907.png,1
n0785.png,1
n0976.png,1
c1352.png,0
c3032.png,0
c1245.png,0
n1045.png,1
c0084.png,0
n0523.png,1
c2274.png,0
c1268.png,0
n0817.png,1
c3067.png,0
c3333.png,0
n1028.png,1
c0008.png,0
c1522.png,0
c0462.png,0
c0043.png,0
c2720.png,0
c2441.png,0
c0761.png,0
c3365.png,0
c0808.png,0
n0269.png,1
c1425.png,0
c1341.png,0
n0640.png,1
c0173.png,0
c2660.png,0
n0368.png,1
c2055.png,0
c0001.png,0
c1504.png,0
c1923.png,0
c0029.png,0
c2897.png,0
c2267.png,0
c1424.png,0
c1556.png,0
n0977.png,1
c0218.png,0
c2726.png,0
c3894.png,0
c2753.png,0
c3085.png,0
n0313.png,1
c2690.png,0
n0535.png,1
c3617.png,0
n0803.png,1
c0537.png,0
c1745.png,0
c2191.png,0
c1050.png,0
c1899.png,0
c2236.png,0
c1782.png,0
c3072.png,0
c3143.png,0
c0675.png,0
c2863.png,0
c1023.png,0
n0520.png,1
n0706.png,1
c2293.png,0
c1794.png,0
c0679.png,0
c1937.png,0
c3248.png,0
c3642.png,0
n0871.png,1
c2988.png,0
c1452.png,0
c3355.png,0
n0869.png,1
c2013.png,0
c2735.png,0
c3790.png,0
c2704.png,0
c2614.png,0
c2873.png,0
n0515.png,1
c1105.png,0
c1693.png,0
n0008.png,1
c1914.png,0
c2058.png,0
c3806.png,0
c2839.png,0
c3581.png,0
c1818.png,0
n0592.png,1
n0035.png,1
n0689.png,1
c3513.png,0
c2536.png,0
n0330.png,1
n1040.png,1
c0067.png,0
n1005.png,1
c3413.png,0
c2647.png,0
c1738.png,0
n0328.png,1
c3376.png,0
c3253.png,0
n0408.png,1
c0934.png,0
n0425.png,1
c0542.png,0
c0199.png,0
c0061.png,0
n0405.png,1
c1942.png,0
c1235.png,0
n1009.png,1
c1478.png,0
n0463.png,1
c1457.png,0
c1604.png,0
c2739.png,0
c1172.png,0
c1815.png,0
c1767.png,0
n1076.png,1
n0754.png,1
c3477.png,0
c3050.png,0
c2986.png,0
c2535.png,0
c0656.png,0
c1411.png,0
c3665.png,0
n0402.png,1
n1126.png,1
n0930.png,1
c1869.png,0
n0024.png,1
c1797.png,0
c1251.png,0
c1541.png,0
c0429.png,0
c0863.png,0
c1382.png,0
c2325.png,0
c1905.png,0
c0064.png,0
c2577.png,0
c3080.png,0
n0112.png,1
c1473.png,0
n0827.png,1
c1492.png,0
n0484.png,1
c2539.png,0
n0443.png,1
n1084.png,1
c0216.png,0
c0108.png,0
c0488.png,0
c0344.png,0
n1089.png,1
c0812.png,0
c0982.png,0
c1466.png,0
c0749.png,0
c0600.png,0
c2608.png,0
c1838.png,0
c1273.png,0
c3054.png,0
c1970.png,0
n0476.png,1
c2093.png,0
c0491.png,0
c1027.png,0
n0765.png,1
c0428.png,0
c0089.png,0
c3029.png,0
n0839.png,1
n0743.png,1
c2597.png,0
c2219.png,0
n0492.png,1
c3033.png,0
c1574.png,0
c1960.png,0
c3786.png,0
n0975.png,1
c2667.png,0
c1635.png,0
c3344.png,0
c3199.png,0
n1031.png,1
c3520.png,0
n0095.png,1
c2890.png,0
c3837.png,0
c3588.png,0
n1017.png,1
c0455.png,0
c0040.png,0
c1544.png,0
c2804.png,0
c0348.png,0
c0560.png,0
c3833.png,0
c2067.png,0
n0554.png,1
c0286.png,0
c3350.png,0
c2346.png,0
c2844.png,0
c1996.png,0
c1121.png,0
c0897.png,0
c0725.png,0
n0360.png,1
n0873.png,1
c0532.png,0
c1989.png,0
n1133.png,1
c3419.png,0
n0807.png,1
c1629.png,0
c3018.png,0
n1014.png,1
c0865.png,0
c2358.png,0
n0529.png,1
c0246.png,0
c2290.png,0
n0147.png,1
n0037.png,1
c2404.png,0
n0573.png,1
c0953.png,0
n0991.png,1
c3274.png,0
n0994.png,1
c3064.png,0
c2809.png,0
c0579.png,0
c1681.png,0
c1167.png,0
c2797.png,0
n0561.png,1
n0203.png,1
c2524.png,0
n0815.png,1
n0628.png,1
c1755.png,0
c3235.png,0
n0969.png,1
c2837.png,0
c3138.png,0
c0268.png,0
c2729.png,0
c0012.png,0
c0617.png,0
c3651.png,0
n0517.png,1
c0478.png,0
c1666.png,0
n0771.png,1
c1508.png,0
c3215.png,0
n0862.png,1
c2245.png,0
n0530.png,1
c0965.png,0
c0826.png,0
n0326.png,1
n0870.png,1
n0694.png,1
c1285.png,0
n0179.png,1
c1965.png,0
c2618.png,0
c2550.png,0
n0450.png,1
n0585.png,1
c2373.png,0
n0365.png,1
c1512.png,0
c0862.png,0
n0480.png,1
c1007.png,0
c0116.png,0
c3175.png,0
n0262.png,1
c2139.png,0
c1518.png,0
c0059.png,0
c1901.png,0
c0445.png,0
c1267.png,0
c0985.png,0
c2811.png,0
n0347.png,1
c3084.png,0
c3257.png,0
c0452.png,0
c2781.png,0
c2516.png,0
c0786.png,0
c2339.png,0
c2501.png,0
c3858.png,0
n1063.png,1
c0916.png,0
n0204.png,1
c0424.png,0
c0192.png,0
c1929.png,0
c0325.png,0
n0845.png,1
n0533.png,1
c2562.png,0
n0577.png,1
c0450.png,0
c3574.png,0
c2916.png,0
c2123.png,0
c3578.png,0
c1706.png,0
c2950.png,0
c1992.png,0
c1488.png,0
c3409.png,0
c1306.png,0
c3616.png,0
c2661.png,0
n0926.png,1
c0363.png,0
c0553.png,0
c1972.png,0
n0912.png,1
n1103.png,1
c0578.png,0
c3293.png,0
c2794.png,0
c0169.png,0
c3638.png,0
c2941.png,0
c2573.png,0
c2635.png,0
n0683.png,1
c3125.png,0
n0607.png,1
n1082.png,1
c3512.png,0
c0453.png,0
n0400.png,1
n0168.png,1
c0009.png,0
c2138.png,0
c1122.png,0
c0494.png,0
c2995.png,0
c1626.png,0
c2136.png,0
n0656.png,1
c3703.png,0
c1110.png,0
n0113.png,1
c2223.png,0
c1785.png,0
c0844.png,0
c2696.png,0
c0905.png,0
n0334.png,1
c2105.png,0
n0719.png,1
c1547.png,0
n0769.png,1
c1315.png,0
c0730.png,0
c3754.png,0
n0312.png,1
c1999.png,0
c3410.png,0
c1868.png,0
c1909.png,0
c0267.png,0
c3864.png,0
c2806.png,0
n0081.png,1
n1055.png,1
c2678.png,0
c3094.png,0
c1795.png,0
c0836.png,0
n0157.png,1
n0238.png,1
n0019.png,1
c0498.png,0
c1874.png,0
n0512.png,1
c2402.png,0
c0596.png,0
n0662.png,1
c3172.png,0
c2867.png,0
c1012.png,0
c1369.png,0
c2659.png,0
n0669.png,1
c2366.png,0
c1699.png,0
c1377.png,0
c3236.png,0
c0299.png,0
c3660.png,0
c0589.png,0
c0788.png,0
c2695.png,0
c1821.png,0
c3795.png,0
c1002.png,0
c1000.png,0
n0128.png,1
n0823.png,1
c1087.png,0
c2243.png,0
c3815.png,0
c2172.png,0
n0322.png,1
c1204.png,0
c1824.png,0
n0420.png,1
n0345.png,1
n0038.png,1
c2155.png,0
c0167.png,0
n1039.png,1
n0965.png,1
c1757.png,0
c2297.png,0
c2031.png,0
n0224.png,1
n0098.png,1
c1376.png,0
n0284.png,1
c3756.png,0
n0239.png,1
c0432.png,0
c2202.png,0
c1442.png,0
n0096.png,1
n0415.png,1
c2021.png,0
c2419.png,0
c3146.png,0
n1024.png,1
c0271.png,0
c0924.png,0
c0096.png,0
c3700.png,0
c1611.png,0
c1513.png,0
c0819.png,0
n0844.png,1
c2282.png,0
c0755.png,0
c1136.png,0
c2930.png,0
c3198.png,0
c0628.png,0
c1102.png,0
c0564.png,0
n0494.png,1
n0229.png,1
c0225.png,0
n0895.png,1
c1368.png,0
c0681.png,0
c1086.png,0
c1515.png,0
n0604.png,1
c3519.png,0
c0668.png,0
c3716.png,0
c2062.png,0
n0531.png,1
n0792.png,1
n0211.png,1
n0266.png,1
c3224.png,0
c2937.png,0
n1077.png,1
c3040.png,0
n0063.png,1
c1528.png,0
c0280.png,0
n0599.png,1
c1759.png,0
n0840.png,1
n0300.png,1
n0208.png,1
c1253.png,0
n0406.png,1
c1703.png,0
n0028.png,1
c1502.png,0
n0968.png,1
c1578.png,0
c1621.png,0
c1115.png,0
n0901.png,1
c3878.png,0
c3402.png,0
c1707.png,0
c2935.png,0
c1434.png,0
c2452.png,0
c1406.png,0
n0698.png,1
n0244.png,1
c2619.png,0
n0626.png,1
c0489.png,0
n1052.png,1
c3167.png,0
c3691.png,0
c0052.png,0
c2646.png,0
c2493.png,0
c1944.png,0
c3823.png,0
c3421.png,0
n1006.png,1
c0257.png,0
c1646.png,0
c1919.png,0
c0114.png,0
c0987.png,0
c2812.png,0
c1620.png,0
n0234.png,1
c0883.png,0
c1310.png,0
c1542.png,0
n0293.png,1
c1449.png,0
c0449.png,0
c3844.png,0
c0607.png,0
c1662.png,0
c0473.png,0
c0790.png,0
c1667.png,0
c2410.png,0
n0843.png,1
c2037.png,0
c0441.png,0
c3634.png,0
c0713.png,0
c3621.png,0
c1974.png,0
c3022.png,0
c2470.png,0
c1106.png,0
c3887.png,0
n0446.png,1
c0238.png,0
c1810.png,0
c1400.png,0
c2149.png,0
c0752.png,0
n0575.png,1
c0099.png,0
c2468.png,0
c0889.png,0
n0671.png,1
c2984.png,0
c0310.png,0
c1143.png,0
c0971.png,0
n0961.png,1
n1102.png,1
n0257.png,1
n0272.png,1
c3593.png,0
c3352.png,0
c2047.png,0
c1037.png,0
c1453.png,0
c1812.png,0
c1047.png,0
n0013.png,1
n0036.png,1
c3367.png,0
c0362.png,0
c0477.png,0
c2749.png,0
c1475.png,0
c1443.png,0
n0685.png,1
c1238.png,0
c1802.png,0
c1320.png,0
c3285.png,0
c1955.png,0
c3840.png,0
n1068.png,1
c3525.png,0
n0524.png,1
c2008.png,0
c0298.png,0
c2991.png,0
c0347.png,0
c3115.png,0
n0631.png,1
n0562.png,1
n0552.png,1
n0623.png,1
c1690.png,0
n0624.png,1
n0729.png,1
c3423.png,0
n0486.png,1
c1520.png,0
n0649.png,1
c3087.png,0
c3865.png,0
c1495.png,0
n1105.png,1
c2253.png,0
n0621.png,1
n0454.png,1
c1594.png,0
c0431.png,0
c1265.png,0
c1433.png,0
c1036.png,0
c3845.png,0
n0162.png,1
n0519.png,1
c1066.png,0
c3869.png,0
c2370.png,0
c0321.png,0
c1188.png,0
c0731.png,0
c0960.png,0
n0133.png,1
n0617.png,1
c2656.png,0
n0655.png,1
c1430.png,0
c2456.png,0
n0917.png,1
c1293.png,0
c0694.png,0
c1337.png,0
c0515.png,0
c2090.png,0
c1093.png,0
c2763.png,0
c0968.png,0
c0745.png,0
c1770.png,0
c0351.png,0
n0371.png,1
c2289.png,0
c1035.png,0
n1066.png,1
n0397.png,1
n0459.png,1
n0905.png,1
n0416.png,1
n0790.png,1
c2426.png,0
c2507.png,0
n0918.png,1
c0843.png,0
c3827.png,0
c0448.png,0
n0092.png,1
c2517.png,0
c2113.png,0
c3406.png,0
c0663.png,0
c3188.png,0
n0074.png,1
n0506.png,1
c1637.png,0
n0810.png,1
c2833.png,0
n0551.png,1
n0474.png,1
n0594.png,1
n0963.png,1
n0379.png,1
n0854.png,1
n0356.png,1
n1026.png,1
c3808.png,0
n0393.png,1
c1029.png,0
c0386.png,0
n0215.png,1
c3814.png,0
c2528.png,0
n1080.png,1
c3437.png,0
c3325.png,0
n0658.png,1
n0477.png,1
c2396.png,0
c3772.png,0
c2973.png,0
c3680.png,0
c1834.png,0
c1669.png,0
c0042.png,0
c0937.png,0
c2165.png,0
c2447.png,0
c0838.png,0
c0810.png,0
c1399.png,0
c1750.png,0
n0298.png,1
c2347.png,0
c0396.png,0
c1548.png,0
n0243.png,1
n0983.png,1
c3152.png,0
c3059.png,0
c2801.png,0
c1727.png,0
c1543.png,0
c3620.png,0
c0019.png,0
c3122.png,0
n0065.png,1
c2822.png,0
c0984.png,0
c0127.png,0
c1009.png,0
c2505.png,0
c3160.png,0
c0918.png,0
c3027.png,0
c1525.png,0
c2835.png,0
c2717.png,0
c2275.png,0
c1514.png,0
n0283.png,1
c3631.png,0
n0747.png,1
c0943.png,0
c1583.png,0
c0942.png,0
c3800.png,0
c2657.png,0
c0021.png,0
n0558.png,1
n1099.png,1
n0111.png,1
c0921.png,0
n0131.png,1
c0005.png,0
c1826.png,0
c2982.png,0
c0434.png,0
c2342.png,0
c1367.png,0
c0368.png,0
c2480.png,0
c1408.png,0
c2555.png,0
n0294.png,1
c1658.png,0
c0306.png,0
c1233.png,0
c3558.png,0
c0276.png,0
n0323.png,1
c1985.png,0
c1062.png,0
n0795.png,1
c0270.png,0
n0679.png,1
c1045.png,0
n1108.png,1
c3526.png,0
n0066.png,1
n0217.png,1
c2723.png,0
n0755.png,1
n1036.png,1
n0915.png,1
c3566.png,0
n0481.png,1
c1920.png,0
c0365.png,0
n0774.png,1
c3068.png,0
n0314.png,1
c0162.png,0
c3890.png,0
n0097.png,1
n0884.png,1
n0752.png,1
c2204.png,0
c0660.png,0
c2305.png,0
c2808.png,0
n1061.png,1
c0922.png,0
n0196.png,1
c2321.png,0
c1165.png,0
n0052.png,1
c0734.png,0
c1157.png,0
c3200.png,0
c2825.png,0
n0584.png,1
c3142.png,0
c2514.png,0
c1043.png,0
c2552.png,0
c3377.png,0
c0443.png,0
c1361.png,0
n0813.png,1
n0438.png,1
c2417.png,0
c2011.png,0
c2563.png,0
n0145.png,1
c2779.png,0
c2850.png,0
c2707.png,0
c3019.png,0
c2979.png,0
c3036.png,0
c3052.png,0
n0661.png,1
c1725.png,0
c3185.png,0
n1101.png,1
n0986.png,1
c3875.png,0
c2078.png,0
c2141.png,0
c0522.png,0
c3770.png,0
c3343.png,0
c3880.png,0
c1752.png,0
n0315.png,1
c0433.png,0
n1058.png,1
c3527.png,0
n0143.png,1
n0959.png,1
c3371.png,0
c0832.png,0
n0588.png,1
c0189.png,0
n0596.png,1
c0092.png,0
c2651.png,0
c0373.png,0
c3693.png,0
n0697.png,1
n0183.png,1
c1619.png,0
n1000.png,1
c3788.png,0
n1033.png,1
c3077.png,0
n0292.png,1
c3765.png,0
c1084.png,0
c3884.png,0
n0786.png,1
n0866.png,1
n0715.png,1
n0668.png,1
n0478.png,1
c2957.png,0
c1657.png,0
c3389.png,0
c1803.png,0
c2927.png,0
c1971.png,0
c1371.png,0
n0159.png,1
n0900.png,1
c3097.png,0
c3328.png,0
c3889.png,0
c0512.png,0
c3668.png,0
c3480.png,0
c0048.png,0
c3748.png,0
n0914.png,1
c1353.png,0
n0888.png,1
c3730.png,0
c3606.png,0
n0569.png,1
c0534.png,0
n1003.png,1
c2048.png,0
c2306.png,0
c0825.png,0
n0303.png,1
c2111.png,0
c2642.png,0
c0616.png,0
c3264.png,0
c0712.png,0
c0829.png,0
c2344.png,0
c2061.png,0
c1986.png,0
c0338.png,0
c3290.png,0
c1213.png,0
c2504.png,0
c2874.png,0
c1051.png,0
n0087.png,1
c1777.png,0
c2044.png,0
n0710.png,1
c1751.png,0
c3710.png,0
c1584.png,0
c2721.png,0
c2570.png,0
n0152.png,1
n0237.png,1
c3625.png,0
c1991.png,0
n0778.png,1
c3478.png,0
c3518.png,0
c3110.png,0
c0903.png,0
c3877.png,0
n0495.png,1
c2089.png,0
c2598.png,0
c0614.png,0
n0472.png,1
c0789.png,0
c0608.png,0
c2097.png,0
c3250.png,0
c2428.png,0
c2909.png,0
c2193.png,0
c3263.png,0
c3471.png,0
n0928.png,1
c1174.png,0
n0545.png,1
n0115.png,1
c0332.png,0
c0645.png,0
c1734.png,0
c0655.png,0
c2787.png,0
n0875.png,1
c3655.png,0
n0004.png,1
c1567.png,0
n0140.png,1
c2153.png,0
n0565.png,1
c0456.png,0
c3472.png,0
c1085.png,0
n0672.png,1
n0260.png,1
c3286.png,0
c1229.png,0
c3393.png,0
n0337.png,1
n0475.png,1
c2640.png,0
c0252.png,0
c3482.png,0
n0121.png,1
c3315.png,0
c1842.png,0
c2673.png,0
c1952.png,0
c0117.png,0
c2677.png,0
c3426.png,0
c3317.png,0
c1617.png,0
c2672.png,0
c1418.png,0
c3838.png,0
c0072.png,0
c1294.png,0
c0380.png,0
c2802.png,0
n0503.png,1
n0819.png,1
c1918.png,0
c1467.png,0
n0460.png,1
c0870.png,0
c3639.png,0
n0047.png,1
n0638.png,1
c1805.png,0
n0650.png,1
c3414.png,0
c3873.png,0
c1998.png,0
c1966.png,0
c2175.png,0
c2994.png,0
c0538.png,0
c2225.png,0
c3448.png,0
c0806.png,0
c3549.png,0
n0248.png,1
n0587.png,1
c1958.png,0
c2745.png,0
c1450.png,0
n0798.png,1
c1459.png,0
n0768.png,1
c2610.png,0
c0148.png,0
c3740.png,0
c3587.png,0
n0085.png,1
c0895.png,0
c2212.png,0
c2231.png,0
c0696.png,0
n0033.png,1
c3195.png,0
c3411.png,0
n0351.png,1
c1113.png,0
c2196.png,0
c0527.png,0
n0502.png,1
c0860.png,0
c1336.png,0
c1599.png,0
c3373.png,0
c0502.png,0
c2734.png,0
n0606.png,1
c3490.png,0
c3718.png,0
c1199.png,0
c2248.png,0
c3165.png,0
n0615.png,1
c2239.png,0
c2018.png,0
c3458.png,0
c2974.png,0
c1477.png,0
c0912.png,0
c2052.png,0
c3572.png,0
c0163.png,0
n0139.png,1
n0126.png,1
n0003.png,1
c1860.png,0
n0560.png,1
c1127.png,0
c2476.png,0
c1386.png,0
c1494.png,0
n0236.png,1
n0158.png,1
c1461.png,0
n0553.png,1
n0435.png,1
c0672.png,0
n0254.png,1
n0571.png,1
c1501.png,0
c1008.png,0
c1152.png,0
c1141.png,0
c3178.png,0
c3400.png,0
n0879.png,1
c1178.png,0
c3855.png,0
c2292.png,0
n0386.png,1
n1030.png,1
c1313.png,0
n0461.png,1
n0863.png,1
n0984.png,1
n0620.png,1
c2064.png,0
c2237.png,0
c1100.png,0
n0841.png,1
c1374.png,0
c1108.png,0
n1060.png,1
n0677.png,1
c2918.png,0
c0528.png,0
c1941.png,0
c3311.png,0
n0342.png,1
c3428.png,0
n0548.png,1
n0812.png,1
c3043.png,0
n0377.png,1
c2629.png,0
c2112.png,0
n0291.png,1
n0018.png,1
c1448.png,0
c1597.png,0
c2197.png,0
c1624.png,0
c1976.png,0
c3504.png,0
c2940.png,0
c3674.png,0
n0413.png,1
n0750.png,1
c0915.png,0
n0757.png,1
n0835.png,1
c3469.png,0
c2681.png,0
n0910.png,1
c3073.png,0
c0762.png,0
c1017.png,0
c1772.png,0
n1016.png,1
c3851.png,0
c1160.png,0
n0245.png,1
c3687.png,0
c1841.png,0
c2534.png,0
c1483.png,0
c1398.png,0
c2523.png,0
c1166.png,0
c1487.png,0
c2255.png,0
n0151.png,1
c2887.png,0
c2488.png,0
c0599.png,0
c0525.png,0
c3516.png,0
c0517.png,0
c1404.png,0
c1747.png,0
c3676.png,0
c3280.png,0
c3228.png,0
c0097.png,0
c0086.png,0
c3099.png,0
c0187.png,0
c0213.png,0
n1119.png,1
c0174.png,0
n0499.png,1
c2315.png,0
n0605.png,1
n0264.png,1
n0173.png,1
c0506.png,0
c1118.png,0
c0419.png,0
c1873.png,0
c0476.png,0
n0542.png,1
n0521.png,1
c3780.png,0
c0981.png,0
n0466.png,1
c1220.png,0
c3533.png,0
n0508.png,1
n0973.png,1
c1819.png,0
c1631.png,0
c2283.png,0
c2082.png,0
n0354.png,1
n0889.png,1
c0188.png,0
c3298.png,0
c0389.png,0
c1286.png,0
n0058.png,1
c1349.png,0
c0792.png,0
c3557.png,0
c1074.png,0
c2731.png,0
c1298.png,0
n0528.png,1
c1659.png,0
c3309.png,0
n1109.png,1
n0391.png,1
c1775.png,0
n0681.png,1
c0229.png,0
n0736.png,1
c1203.png,0
n0370.png,1
c0053.png,0
c1608.png,0
c3629.png,0
c3803.png,0
c1947.png,0
c0990.png,0
c1129.png,0
c2329.png,0
c3442.png,0
n0791.png,1
n0376.png,1
n0263.png,1
n0100.png,1
n0999.png,1
n0171.png,1
n0858.png,1
c0264.png,0
c0687.png,0
c3010.png,0
n0017.png,1
c2585.png,0
c2860.png,0
c0586.png,0
n0676.png,1
c2291.png,0
c3648.png,0
n0044.png,1
n0350.png,1
c3577.png,0
c3105.png,0
c2369.png,0
c1687.png,0
c3047.png,0
c3204.png,0
c2784.png,0
c2581.png,0
c0057.png,0
n0222.png,1
c2042.png,0
n0369.png,1
n0451.png,1
c1575.png,0
c1813.png,0
n0170.png,1
c0302.png,0
c3177.png,0
c1065.png,0
n0359.png,1
n0687.png,1
c3106.png,0
c0609.png,0
n0956.png,1
c2022.png,0
n0403.png,1
n0501.png,1
c2333.png,0
n0043.png,1
n0068.png,1
n0471.png,1
c1249.png,0
n0362.png,1
c1529.png,0
c2838.png,0
c0989.png,0
c0294.png,0
c3481.png,0
c2968.png,0
c0215.png,0
c3783.png,0
c0232.png,0
c0969.png,0
c0013.png,0
c0006.png,0
c0287.png,0
c1889.png,0
c2200.png,0
c2368.png,0
c2963.png,0
c0605.png,0
c0556.png,0
n0537.png,1
n0504.png,1
c0171.png,0
c2071.png,0
c0105.png,0
c3291.png,0
c1553.png,0
n0155.png,1
c0090.png,0
n0156.png,1
c0066.png,0
c0210.png,0
c1861.png,0
n1062.png,1
c3220.png,0
c1401.png,0
c2053.png,0
c3582.png,0
c1071.png,0
c1886.png,0
c2218.png,0
n0539.png,1
n0979.png,1
n0741.png,1
c1926.png,0
c1311.png,0
c3180.png,0
c3126.png,0
n0398.png,1
c2330.png,0
n0749.png,1
c3805.png,0
n0950.png,1
n1015.png,1
c3430.png,0
n0218.png,1
c1864.png,0
c2533.png,0
n0602.png,1
c2475.png,0
c3457.png,0
c2904.png,0
c2796.png,0
n1056.png,1
c1581.png,0
n0213.png,1
c3209.png,0
c1003.png,0
c0986.png,0
n0419.png,1
c1444.png,0
c2698.png,0
c1412.png,0
n0034.png,1
n1035.png,1
c2395.png,0
c3256.png,0
c0839.png,0
c2209.png,0
n0693.png,1
c2903.png,0
c3100.png,0
n0456.png,1
n0267.png,1
c0346.png,0
c1153.png,0
c1625.png,0
c1692.png,0
c2033.png,0
c1212.png,0
n0136.png,1
c0665.png,0
c3265.png,0
n0670.png,1
c1503.png,0
c1091.png,0
c1237.png,0
c2908.png,0
c2716.png,0
c3112.png,0
c1876.png,0
c0041.png,0
n0418.png,1
c2814.png,0
n0163.png,1
n0336.png,1
c2016.png,0
c3548.png,0
c1138.png,0
c1481.png,0
n0586.png,1
n0025.png,1
c0840.png,0
c3168.png,0
c3667.png,0
c3357.png,0
n1021.png,1
c3535.png,0
n0083.png,1
n1070.png,1
n0557.png,1
c0165.png,0
c0309.png,0
c1925.png,0
c3636.png,0
n0767.png,1
c1096.png,0
n0317.png,1
c2075.png,0
n1111.png,1
c0237.png,0
c0940.png,0
c2116.png,0
c2036.png,0
c3673.png,0
c1328.png,0
c0972.png,0
c0457.png,0
c2487.png,0
n0782.png,1
c2072.png,0
c3447.png,0
c0548.png,0
c0186.png,0
c3030.png,0
c3571.png,0
c0574.png,0
c3302.png,0
c0873.png,0
c2970.png,0
c3811.png,0
c0249.png,0
c2483.png,0
n0583.png,1
n0378.png,1
c3259.png,0
c0056.png,0
c2665.png,0
c1088.png,0
c3545.png,0
n0309.png,1
c2091.png,0
c2525.png,0
c1763.png,0
c1480.png,0
c0406.png,0
c0065.png,0
c3496.png,0
c0284.png,0
c3005.png,0
n0625.png,1
c2926.png,0
n0022.png,1
c1616.png,0
c2949.png,0
c1967.png,0
c2049.png,0
n0439.png,1
c3678.png,0
c2413.png,0
c0304.png,0
c0465.png,0
n0258.png,1
c2273.png,0
c3245.png,0
c1342.png,0
c0343.png,0
n0654.png,1
c3266.png,0
c1168.png,0
c3028.png,0
c0323.png,0
c0337.png,0
n0738.png,1
c0180.png,0
c3652.png,0
c0442.png,0
c3301.png,0
n1093.png,1
n0822.png,1
c1995.png,0
n1025.png,1
n0497.png,1
n0165.png,1
c1788.png,0
c1870.png,0
c0392.png,0
n0048.png,1
c0776.png,0
n1116.png,1
c2183.png,0
c3601.png,0
n0184.png,1
c1441.png,0
c0647.png,0
c1236.png,0
c3190.png,0
n0106.png,1
c2427.png,0
n1092.png,1
c1083.png,0
c1888.png,0
c2284.png,0
n0836.png,1
c0847.png,0
c1742.png,0
c2160.png,0
c0623.png,0
c3544.png,0
c3450.png,0
n0134.png,1
c0003.png,0
c3637.png,0
n0516.png,1
n0082.png,1
c2687.png,0
c3334.png,0
c2320.png,0
c1455.png,0
n0726.png,1
c2856.png,0
c3140.png,0
c0263.png,0
c0335.png,0
c0966.png,0
c2919.png,0
n0132.png,1
c0420.png,0
n1037.png,1
c2327.png,0
c3757.png,0
c3124.png,0
c1969.png,0
c1527.png,0
n0137.png,1
n0711.png,1
c2596.png,0
c2662.png,0
n0079.png,1
c3644.png,0
n0076.png,1
c0079.png,0
c0073.png,0
c0718.png,0
n0353.png,1
c1359.png,0
c0182.png,0
c2584.png,0
c3735.png,0
n0890.png,1
c0484.png,0
c3586.png,0
c1201.png,0
c1435.png,0
c1780.png,0
c0201.png,0
c1208.png,0
c2928.png,0
